classe,mfcc_0,mfcc_1,mfcc_2,mfcc_3,mfcc_4,mfcc_5,mfcc_6,mfcc_7,mfcc_8,mfcc_9,mfcc_10,mfcc_11,mfcc_12,desc_0,desc_1,desc_2,desc_3,desc_4,desc_5
cats,-271.5113525390625,106.80282592773438,1.5167485475540161,25.91873550415039,-0.27696940302848816,3.716189384460449,-4.276975154876709,1.545943260192871,-2.3328499794006348,2.266568183898926,-5.148350238800049,-2.74070405960083,-6.1112165451049805,0.1537719663119196,0.3851968313340098,0.44635743682683066,0.5946768620358562,0.22227214389675834,0.5389151484556626
cats,-257.1005554199219,-22.43105697631836,-43.87470245361328,11.217795372009277,-9.23009967803955,-5.012120723724365,-7.475754737854004,23.68995475769043,1.343015193939209,1.4124805927276611,4.734438419342041,-3.477365493774414,-12.42041015625,0.3911620602711189,0.5602570489443192,0.574302690700713,0.41307493741905743,0.1314836330013174,0.5961260102125793
cats,-43.2819709777832,16.114370346069336,-4.9938740730285645,6.354001522064209,-3.128894805908203,5.331672191619873,-1.5408004522323608,0.12912805378437042,-2.6387226581573486,3.0014612674713135,1.5802717208862305,7.698576927185059,-1.701195240020752,0.11045918915595591,0.12082148584006251,0.16459559699873882,0.2203445443880727,0.02884083940266826,0.1867259479314751
cats,-210.89894104003906,53.06745147705078,-33.31950759887695,-12.420598030090332,-20.456640243530273,-6.5649003982543945,-20.31020736694336,-2.0209755897521973,-9.710211753845215,-12.090883255004883,-13.545809745788574,-4.3314738273620605,-11.418910026550293,0.20215419167308943,0.3394627540741791,0.28761497128954805,0.6111983441554387,0.2387994605516342,0.5350749636462601
cats,-202.1668701171875,72.72748565673828,-32.86871337890625,-11.945853233337402,-18.727458953857422,-5.278384685516357,-21.721900939941406,-6.7162322998046875,-8.240121841430664,-9.809601783752441,-12.877820014953613,-7.6711506843566895,-13.268095016479492,0.16619364073966417,0.584801132620909,0.6082497872341392,0.6959098560174752,0.42073821419072704,0.7012312362959383
cats,-193.4428253173828,75.5857925415039,-32.51606750488281,-14.433866500854492,-19.026206970214844,-5.736153602600098,-19.932218551635742,-4.7674946784973145,-6.553961277008057,-8.532156944274902,-13.629511833190918,-10.220462799072266,-11.682926177978516,0.21382177238806457,0.558076535464288,0.5124004755942881,0.6606107263846722,0.33552607670545614,0.6280286877299803
cats,-239.22889709472656,83.00927734375,19.649215698242188,19.872793197631836,12.831336975097656,10.976546287536621,5.4715070724487305,7.571282863616943,4.48789644241333,3.8728785514831543,0.10220471024513245,0.8004454374313354,0.09110908955335617,0.29063658585878,0.34808612205691264,0.4339269028411254,0.7078335004721951,0.20289179460442414,0.7180843439119555
cats,-211.18138122558594,74.21887969970703,3.9521596431732178,25.96746253967285,15.615459442138672,12.276847839355469,6.020116806030273,10.028331756591797,8.221803665161133,9.874791145324707,2.0025792121887207,0.8096644282341003,-1.3067597150802612,0.18279918314880758,0.2059441329709243,0.3382339662083898,0.6807422853318569,0.1749716281964216,0.6462039361196709
cats,-204.15907287597656,72.45645904541016,4.459567070007324,30.447437286376953,15.102640151977539,13.711384773254395,4.79994535446167,4.558992862701416,5.815184593200684,5.759666919708252,-0.2996198832988739,0.542914092540741,1.5106180906295776,0.18824597731850998,0.2610322772679658,0.37468680161987433,0.5070731307635185,0.21764375931494767,0.4473644003054805
cats,-85.94279479980469,8.433934211730957,-11.70337200164795,13.361725807189941,-8.371583938598633,8.489608764648438,0.8579855561256409,8.999485969543457,10.4041109085083,11.857521057128906,4.3260650634765625,0.2805264890193939,-7.235230445861816,0.14874656385451582,0.24307359235212245,0.30195859226507643,0.24219270101232954,0.03249287576895145,0.2562382445140613
cats,-347.066162109375,61.38564682006836,-10.840240478515625,-3.684206008911133,-17.108579635620117,0.7107285857200623,-25.686033248901367,-24.627685546875,-10.75280475616455,-12.25691032409668,-0.946357250213623,-9.988805770874023,-5.440400123596191,0.282474211887826,0.37762050393748514,0.3976117994449452,0.47336180766084396,0.15239163015519866,0.42627565982397647
cats,-356.3198547363281,113.50773620605469,10.130656242370605,15.632515907287598,8.071127891540527,-7.012294292449951,-8.83056926727295,-8.649225234985352,-14.500900268554688,-4.5134596824646,-11.790650367736816,-9.871298789978027,-7.525737762451172,0.06466473575660428,0.125526119881272,0.2471669161739635,0.27104920214729267,0.06891226680934481,0.23707455629069993
cats,-308.8052062988281,85.07130432128906,72.14720153808594,-15.764887809753418,-18.170358657836914,4.368285655975342,-2.351252317428589,-8.506038665771484,-10.124289512634277,-1.1619879007339478,-0.8361176252365112,11.538042068481445,-4.3311614990234375,0.18810309390881333,0.3208286270011047,0.3987736069338688,0.6013066482262108,0.09067960956446333,0.48427476138312725
cats,-35.77350616455078,105.93932342529297,13.958708763122559,-0.635114312171936,1.044800043106079,7.796052932739258,-0.9110620617866516,0.6777256727218628,2.1609809398651123,5.73267936706543,4.652654647827148,4.192054271697998,-2.052631378173828,0.45924257032493465,0.32698006030497717,0.3679599318203781,0.542360464499066,0.25200594118804187,0.5754928524710932
cats,-352.00323486328125,58.57272720336914,2.1047520637512207,16.14059066772461,11.425512313842773,19.33631706237793,12.945192337036133,5.51511287689209,-3.3984696865081787,4.109940052032471,3.882716655731201,2.675234794616699,0.46943506598472595,0.11684786691325208,0.2771161934166163,0.5236184678317726,0.6409388060929135,0.26965871935598196,0.6749471458772349
cats,-170.21060180664062,83.40615844726562,6.1028032302856445,34.30978775024414,0.0462602898478508,15.588309288024902,-1.0478194952011108,17.361242294311523,-4.254031658172607,12.862287521362305,-5.628427505493164,6.529148101806641,-8.095179557800293,0.19996660370841154,0.24751363783537123,0.2607531803543063,0.7220770874080215,0.15594125570778902,0.6770467101954027
cats,-219.1959991455078,77.37158966064453,5.879415988922119,34.56589126586914,0.719463586807251,16.882986068725586,-1.6710160970687866,21.613330841064453,-5.229510307312012,12.093622207641602,-5.4356160163879395,9.694745063781738,-5.9141645431518555,0.34966190777290235,0.3410071047837427,0.5176647855444764,0.5059166832813144,0.2430639582890296,0.611200092626425
cats,-232.96591186523438,100.39208221435547,-0.9192473292350769,8.423823356628418,6.061805248260498,3.983691692352295,-2.4199583530426025,4.2379150390625,-0.33502158522605896,-1.3660838603973389,-3.5567119121551514,-1.9987460374832153,-3.3529891967773438,0.1710670837459528,0.2789951969322153,0.3937165263387143,0.514759177177969,0.038089112703990805,0.32367701550521294
cats,-159.8687286376953,123.81163787841797,-4.35158634185791,32.8270263671875,4.637156009674072,-3.506199359893799,-6.109031677246094,-7.738251686096191,-22.561664581298828,3.1956708431243896,-14.526297569274902,-10.586888313293457,-12.045286178588867,0.5572742655224634,0.3981924460550349,0.23649432268859558,0.2207786067180818,0.19142953791108466,0.1852213297299546
cats,-73.80573272705078,42.46527099609375,-41.87480163574219,2.6738033294677734,-11.234275817871094,-8.241414070129395,4.833846569061279,-0.9520606398582458,7.721556186676025,8.432589530944824,6.130634307861328,-0.558208703994751,9.889266014099121,0.17611151645370524,0.2666527008782673,0.31433262233700265,0.22514962706617944,0.041388023365770486,0.3364580281872435
cats,-234.4748077392578,86.53622436523438,-5.9884114265441895,-0.6052420735359192,-0.3932352364063263,8.614835739135742,10.116114616394043,4.765385627746582,-3.693673610687256,2.7206289768218994,7.879262924194336,5.069212913513184,4.624989032745361,0.11611686716998677,0.3606744116861212,0.45391284357750505,0.5237305879789157,0.10547989190958744,0.35607390152839097
cats,-296.1886291503906,58.79149627685547,-112.4228286743164,-1.4101340770721436,20.742774963378906,1.5879771709442139,-6.57362174987793,2.0284101963043213,-4.0511932373046875,15.310903549194336,-8.206817626953125,-12.009023666381836,-9.738358497619629,0.27212350842361765,0.49005838927614387,0.4125302066179681,0.31278144838041555,0.03860391753005358,0.2731957421335478
cats,-136.24073791503906,94.51742553710938,1.8389149904251099,18.60882568359375,9.995559692382812,5.959451675415039,4.386439323425293,-4.25521993637085,15.606954574584961,15.359086036682129,-29.947423934936523,-7.514887809753418,-4.887210369110107,0.54305895025945,0.26170917328351095,0.2452056227659504,0.444159683607631,0.10668997302259697,0.376726448154943
cats,-50.27902603149414,4.809854507446289,-0.7951853275299072,11.568883895874023,0.6612648367881775,1.7864903211593628,1.70166015625,2.6626198291778564,-2.9212732315063477,3.3119893074035645,2.1331052780151367,7.520059108734131,1.2115147113800049,0.08429709112700498,0.13857041359151784,0.17549723415306964,0.1440572441440043,0.017413859338793306,0.14644149175597346
cats,-255.22207641601562,121.39303588867188,-96.94341278076172,36.0987663269043,-3.6166059970855713,-35.73588943481445,25.047941207885742,-15.176526069641113,-8.591452598571777,8.392616271972656,-19.81175422668457,-0.48824557662010193,0.28402137756347656,0.1889461664004524,0.2725960899723147,0.3398509979675678,0.23002288150447991,0.007488591875603848,0.26113493896396106
cats,-199.62442016601562,-40.46192169189453,-46.68384552001953,12.294292449951172,-10.765469551086426,0.013092833571135998,-13.002825736999512,1.0502439737319946,-8.51515007019043,-6.513250350952148,2.5772342681884766,25.819049835205078,20.404874801635742,0.4253875626622285,0.4556859990896946,0.5718628194112317,0.35844320345183445,0.1819609032848123,0.6557413562688393
cats,-206.23280334472656,-20.0933837890625,-38.526405334472656,16.037263870239258,-3.74112606048584,2.418541431427002,-16.48975372314453,-1.0233075618743896,-7.491979122161865,-12.55954360961914,-6.504456520080566,9.379820823669434,3.554042339324951,0.22579424723254396,0.4641317300746757,0.5451473047957467,0.39557252870505744,0.30476189218252464,0.6707502119870303
cats,-266.995849609375,117.25933074951172,-0.7909809350967407,34.04893493652344,6.84531307220459,-1.607231855392456,-8.375300407409668,-8.145965576171875,-17.637474060058594,1.555243730545044,-13.648913383483887,-4.6681694984436035,-6.938701629638672,0.18591651893840624,0.1579197582350808,0.18083897326461884,0.36438891542458535,0.043863048742625046,0.3441558441557742
cats,-102.17879486083984,44.83063888549805,13.404937744140625,9.158650398254395,11.049141883850098,9.478827476501465,4.2304863929748535,1.6328625679016113,0.1472640484571457,1.96339750289917,2.068730354309082,0.40712201595306396,3.511977195739746,0.10187466241314627,0.15391639117857162,0.11862175630485965,0.17317618249854536,0.03581499833364902,0.06912763556714348
cats,-226.7556610107422,58.13667297363281,-25.054662704467773,-8.582120895385742,-10.252214431762695,6.671477317810059,-9.705707550048828,3.0207533836364746,-8.761646270751953,-8.270206451416016,-7.5115556716918945,-2.3895163536071777,6.541812419891357,0.2175437490706521,0.376015222283986,0.46397664633880015,0.5242639449472155,0.17013010026820372,0.5466175615427855
cats,-74.29190063476562,30.797813415527344,-3.2875447273254395,1.7563375234603882,-0.07750760018825531,2.8153035640716553,-3.186920642852783,-0.9026201963424683,-2.3444817066192627,-3.043494701385498,0.8398459553718567,1.025629997253418,4.850405216217041,0.10625756218579178,0.07747424943210257,0.11639838048056454,0.13575951556814,0.010137374249476009,0.08689839572190175
cats,-250.55661010742188,54.383914947509766,-20.63294792175293,29.63306999206543,-3.0186688899993896,13.66569995880127,-2.8621723651885986,18.071006774902344,1.4846980571746826,9.465909004211426,2.0697238445281982,7.733855724334717,-0.09584960341453552,0.3952790795961308,0.18589674630701014,0.35884189839674646,0.41333514885405986,0.07987575113329103,0.44547821199295345
cats,-32.157630920410156,16.621505737304688,-16.674270629882812,-6.198389530181885,-6.593441486358643,0.22102315723896027,-1.2883909940719604,3.982959270477295,-4.536762237548828,-2.0355782508850098,0.7340866923332214,-1.8244755268096924,0.008403251878917217,0.12256291487102018,0.12311401787111849,0.20731056620624183,0.21707004525677834,0.0459272231131573,0.1870424514403154
cats,-29.117767333984375,15.180093765258789,-14.770462989807129,-5.182636737823486,-0.6898911595344543,-2.384272575378418,-0.6273515820503235,2.0347917079925537,-1.5132180452346802,0.282308429479599,-1.591977834701538,-1.9172486066818237,-1.3412753343582153,0.10466834110466576,0.09722251614729344,0.13629896824418952,0.14339168440535086,0.019364266010276587,0.10983528666453045
cats,-20.257038116455078,6.4495439529418945,-16.952049255371094,-0.6421711444854736,-1.8072288036346436,-2.55360746383667,-0.027456270530819893,1.7899508476257324,-1.4582152366638184,0.6996009349822998,-3.395876407623291,1.0465894937515259,0.3690759837627411,0.11067398052512202,0.1616781649377029,0.17081692127199213,0.13753802928265998,0.038649803221988834,0.1322427572427301
cats,-13.760414123535156,1.0037280321121216,-14.345545768737793,1.4868812561035156,-4.188031196594238,0.8738374710083008,-1.2012630701065063,2.695666790008545,-0.48655155301094055,-0.5288293361663818,-0.8509493470191956,0.9764449000358582,-1.0265065431594849,0.11898579643373444,0.16524144809635274,0.17568246824798275,0.17486425975307435,0.07347818537809533,0.17609238052584103
cats,-185.24606323242188,53.764976501464844,-5.9952239990234375,10.664036750793457,12.64509105682373,7.1715898513793945,5.19239616394043,12.78378963470459,9.159127235412598,11.828968048095703,10.809734344482422,11.787918090820312,3.8500282764434814,0.2613094834302293,0.2987144688731572,0.4480340566213932,0.613781014742195,0.04814731030827935,0.42319305529338
cats,-130.9466094970703,75.30198669433594,13.237452507019043,21.023162841796875,-1.9493927955627441,19.342466354370117,-0.4829837679862976,5.079241752624512,-0.05022185295820236,-2.8740527629852295,-0.5293262004852295,4.622078895568848,3.3577475547790527,0.21027465556643096,0.35133116703235323,0.3692381829334531,0.7382779958670995,0.2023813146358441,0.5566048237474773
cats,-112.8782958984375,82.16471862792969,9.427742004394531,21.19790267944336,1.087349772453308,15.447406768798828,0.02622549794614315,4.769993305206299,-1.227256178855896,-4.597981929779053,0.7410036325454712,4.769524097442627,3.8304355144500732,0.1732451519090913,0.46538795856783477,0.44622360634188835,0.7299780485421583,0.3800344757767437,0.7076850542194086
cats,-169.35728454589844,47.06744384765625,41.70762252807617,16.739877700805664,7.807275772094727,28.16787338256836,8.780762672424316,16.0297908782959,-0.1748734563589096,13.522611618041992,7.550278663635254,9.743208885192871,7.0160441398620605,0.34298549392579475,0.266607334211376,0.447756200682788,0.7544339382262935,0.12823743142825253,0.6790582182602994
cats,-136.81858825683594,40.472328186035156,4.305028915405273,11.574454307556152,9.101480484008789,6.220759868621826,5.241506099700928,1.7367268800735474,1.6387860774993896,0.12478379905223846,-0.7157878279685974,5.993671417236328,10.876581192016602,0.18922582546669062,0.29886145107654605,0.3040446055882023,0.4076494319082981,0.04748544558268502,0.3025897179742875
cats,-50.59452819824219,15.080822944641113,10.250941276550293,7.346245288848877,2.507570266723633,10.253246307373047,3.062922954559326,3.635044574737549,-0.8938405513763428,6.878424167633057,2.801029920578003,2.85196590423584,1.103671669960022,0.19417567589937507,0.15958265598263252,0.2610914199266257,0.3768699236078571,0.14305815594529295,0.36526582032194166
cats,-121.51991271972656,84.10912322998047,16.768465042114258,22.39352035522461,15.85842514038086,7.570101737976074,10.72024154663086,9.485508918762207,5.1800007820129395,7.868739604949951,7.120301246643066,10.180243492126465,2.426638603210449,0.45955747781993034,0.1980985511949497,0.27606418141413075,0.5232129191284941,0.030884343782894876,0.29333258878708807
cats,-269.4671630859375,57.78018569946289,7.304085731506348,40.08763122558594,6.208684921264648,10.714972496032715,3.196552038192749,11.249736785888672,16.077503204345703,14.509981155395508,6.663775444030762,-4.754984378814697,-3.018051862716675,0.21075180346674754,0.3263146943340394,0.3704152880746755,0.5958013538106737,0.2852297588733292,0.6019393939391885
cats,-261.2787170410156,82.3128662109375,-0.7001786828041077,24.850309371948242,9.105758666992188,14.261810302734375,3.966566562652588,12.613680839538574,10.864974021911621,10.095952033996582,6.433280944824219,2.5708231925964355,-2.656618118286133,0.2022768004415189,0.25260907761966833,0.3835032028879647,0.4830492081422994,0.10234695424540331,0.4151230652117807
cats,-64.18473815917969,26.92323112487793,0.5811171531677246,3.4432685375213623,6.860860347747803,1.1683260202407837,2.8333499431610107,2.0982820987701416,6.423944473266602,5.025749683380127,3.6380972862243652,-2.348097801208496,-4.834701061248779,0.12544960014195833,0.22200577116379452,0.30678801793307614,0.34581983639055003,0.1122388195830762,0.29756820360842096
cats,-101.45002746582031,44.128482818603516,-24.177797317504883,5.6455912590026855,-1.5070985555648804,1.7776243686676025,6.281342029571533,0.19210001826286316,-0.6809582114219666,-3.519996166229248,-3.660123348236084,5.666922569274902,7.362642288208008,0.18837731735863222,0.2172119716221655,0.2473237824643618,0.2438496381142578,0.07182679644808106,0.26156073507059496
cats,-305.41845703125,59.72749328613281,6.8067169189453125,34.27083206176758,14.276728630065918,19.19466209411621,19.664396286010742,12.940153121948242,8.080121994018555,11.362486839294434,4.607795238494873,8.545753479003906,4.9905877113342285,0.39535471028273167,0.08757644377032538,0.23045956925483205,0.4602067360791748,0.09685622320605737,0.36390653822497926
cats,-236.47645568847656,69.92631530761719,13.137166023254395,22.610355377197266,8.13148021697998,13.515246391296387,8.765324592590332,9.041717529296875,6.616247177124023,8.734621047973633,5.317656993865967,4.1884684562683105,5.2414751052856445,0.17042594494999141,0.3182730603062627,0.4522389055772193,0.6772245585122363,0.14026886227243038,0.6818781482368721
cats,-389.63189697265625,69.42716217041016,42.52932357788086,40.126312255859375,27.599933624267578,21.58277702331543,14.901754379272461,14.421567916870117,7.173587322235107,11.815159797668457,19.17809295654297,21.267847061157227,15.013973236083984,0.3535447944180483,0.09618836416073231,0.14681152435317285,0.23307992332001895,0.014992876349127096,0.13338426279600515
cats,-228.704345703125,70.03370666503906,4.60474967956543,24.08741569519043,2.892000913619995,9.827864646911621,8.111420631408691,6.768388271331787,-0.0873546376824379,5.176117897033691,3.8624441623687744,1.586428165435791,-0.614660382270813,0.1778996112766446,0.2589303463914212,0.36444591078767763,0.67863755785907,0.2716317552430183,0.5292207792206018
cats,-321.08587646484375,57.82731246948242,22.057453155517578,17.87188720703125,18.144264221191406,17.260520935058594,18.178876876831055,14.513106346130371,2.879211187362671,9.38637924194336,5.73866081237793,7.003450393676758,11.907947540283203,0.32315014602104336,0.13903879830175525,0.2554203621510068,0.4354098519677608,0.08278994715484751,0.4293391691181139
cats,-351.87567138671875,82.75493621826172,33.62638854980469,27.137073516845703,26.44047737121582,29.31011199951172,25.8994197845459,5.817652225494385,-1.3084629774093628,13.917464256286621,10.111770629882812,9.340130805969238,13.396514892578125,0.19732621752219615,0.21329869780401542,0.31161114293135483,0.46727958338999653,0.13043448338840516,0.33338612606899504
cats,-288.51922607421875,42.27764129638672,20.101213455200195,22.155099868774414,13.812899589538574,14.296212196350098,14.935943603515625,14.99450397491455,4.349515438079834,12.850836753845215,9.024886131286621,7.315298080444336,14.325723648071289,0.1494712331648163,0.1728763036824268,0.30577734543394147,0.4456506122900212,0.09298318204633511,0.37858012523185686
cats,-240.14149475097656,56.366146087646484,4.100386619567871,9.157727241516113,8.480986595153809,13.13259220123291,-4.227723121643066,7.70090389251709,2.3655571937561035,0.9782631397247314,0.13103792071342468,-1.447634220123291,-2.4569895267486572,0.23582250180818123,0.3963862211156555,0.39347135666028094,0.6255381370755884,0.2521024475141551,0.5714514762132519
cats,-260.8997497558594,22.557340621948242,-33.755157470703125,-4.850252151489258,-15.565835952758789,0.5969873666763306,-8.567582130432129,0.6665146946907043,-5.1630144119262695,-2.051948070526123,-3.219569444656372,-3.2993557453155518,-3.8540284633636475,0.2452630081305478,0.3684667685407992,0.3875043544089625,0.4260969308698877,0.36409272107966334,0.4175157767568373
cats,-264.207275390625,25.838071823120117,-30.018009185791016,-4.955135822296143,-16.422447204589844,1.5395088195800781,-8.656505584716797,-3.2203609943389893,-4.024635314941406,0.7960887551307678,-2.0275826454162598,-4.772314071655273,-4.073612689971924,0.2693143735005578,0.3736584582673962,0.3804420801904811,0.4264356394238227,0.3722443657205621,0.4097354851030678
cats,-293.5813903808594,30.975326538085938,-32.304771423339844,1.8059509992599487,-17.340980529785156,-1.5780960321426392,-6.906529903411865,-3.9645068645477295,-3.4794328212738037,0.9364334940910339,-3.368764877319336,-7.007038116455078,-1.8202024698257446,0.2443458316756009,0.32081607764908154,0.3341516799054372,0.40644347037731454,0.3928514211833181,0.38336441195393023
cats,-73.89970397949219,27.407155990600586,-28.00975227355957,-6.342098236083984,-4.610730171203613,-2.5660603046417236,-0.40858715772628784,-3.110029697418213,4.201927185058594,-1.0845224857330322,-0.916144609451294,4.545089244842529,-0.16817164421081543,0.09127850378400443,0.1374638645709647,0.1624971563129928,0.17210472555532252,0.03427519060625002,0.1699082907613198
cats,-61.94660568237305,14.36172103881836,-2.61053466796875,6.583743572235107,4.244110584259033,8.933877944946289,3.706610679626465,3.284668445587158,-4.2310662269592285,-2.411773920059204,7.741424083709717,5.410124778747559,-2.3071229457855225,0.07450977477517866,0.11913948088484241,0.15676908985347413,0.18903403120664236,0.03473900155110385,0.18165651775607067
cats,-295.88134765625,100.65775299072266,-7.5425567626953125,22.99736785888672,2.0805718898773193,3.57375431060791,-6.471464157104492,1.8326911926269531,-1.1105082035064697,2.55771541595459,0.7177821397781372,-1.9840428829193115,-9.035623550415039,0.15847076948766559,0.4067089433142258,0.5372214032942354,0.6404801633839676,0.21154045495309803,0.5772987012985534
cats,-193.7970733642578,112.39493560791016,10.651824951171875,12.456474304199219,0.4997512996196747,-1.0760982036590576,1.2781713008880615,3.640733242034912,-0.31921514868736267,4.473170757293701,-0.07991532981395721,-0.8785921335220337,-5.326937675476074,0.18277823138930654,0.24711319610191598,0.22199370806568164,0.5383431515389292,0.0733291132159889,0.36979757981880085
cats,-161.9825439453125,97.46748352050781,-1.6983726024627686,9.34009075164795,0.7528565526008606,10.469938278198242,0.229902982711792,4.787967205047607,-5.818220138549805,-6.0695295333862305,-2.6903958320617676,1.4831403493881226,2.3810582160949707,0.23391036116589953,0.30893309751338766,0.2872401450961827,0.3558067401032583,0.06948916455714502,0.3362824675323906
cats,-258.1163330078125,106.56868743896484,9.88176155090332,10.066916465759277,1.1600497961044312,10.388619422912598,0.8937941789627075,-1.6539794206619263,-8.17466926574707,-6.116886615753174,-3.7970502376556396,3.9363534450531006,4.90135383605957,0.1632387623459991,0.1705786246401777,0.2290872934636146,0.5492172409926984,0.07641664510672298,0.3339618896386522
cats,-217.91847229003906,106.80160522460938,18.07842254638672,14.788267135620117,3.6988344192504883,8.253307342529297,1.7172726392745972,0.8815761208534241,-4.807178020477295,-1.2340189218521118,1.3304827213287354,3.6560614109039307,0.5239686369895935,0.18393101495857456,0.2720468584770375,0.2700881614940279,0.48665052469308434,0.09010878675675385,0.36532530474364594
cats,-235.89295959472656,104.71566772460938,24.821086883544922,12.859424591064453,5.89646577835083,9.70390796661377,4.429883003234863,2.4697582721710205,-1.6250790357589722,-1.6988450288772583,-0.28394776582717896,0.3913576304912567,-2.174027919769287,0.18434580568421846,0.3274381426939892,0.41360641620909294,0.7127134662364127,0.09603811403884199,0.48634656957552796
cats,-88.64939880371094,50.55422592163086,2.075716733932495,8.099294662475586,0.5707932710647583,5.530040740966797,0.23366135358810425,0.132920503616333,-2.7451682090759277,-2.538335084915161,-0.16462023556232452,0.8855512738227844,1.1389281749725342,0.1209985344854258,0.22678360479801424,0.25970037175434396,0.3619683925367006,0.07506581418455406,0.2774297490921729
cats,-178.31361389160156,98.09668731689453,-31.54591178894043,13.05636215209961,5.719846725463867,9.91641902923584,-1.2177002429962158,11.539239883422852,3.5053598880767822,3.0345146656036377,3.5511834621429443,2.254387378692627,2.6643435955047607,0.12336956348594658,0.3594112534483908,0.3611802259974777,0.6190228661765095,0.21670528040775103,0.5170777234995395
cats,-185.28526306152344,56.56366729736328,-10.106935501098633,32.82063674926758,9.720104217529297,4.99392557144165,9.97258472442627,13.65962028503418,10.576253890991211,9.88659381866455,-7.950828552246094,-6.7378010749816895,0.2941042482852936,0.12751205233251606,0.36312706809804424,0.44433958735659107,0.5558533858360964,0.14193294573560203,0.5428205200437967
cats,-118.61241912841797,94.40249633789062,-43.43052291870117,23.667898178100586,-11.546858787536621,-13.505885124206543,8.741901397705078,-18.583221435546875,1.9268362522125244,-2.715104818344116,-8.2344331741333,7.534633159637451,-8.366790771484375,0.11874493309173463,0.27392715857715366,0.20317417617444955,0.211064783099326,0.0147803701394319,0.2016339003133411
cats,-124.72897338867188,37.77834701538086,-44.90007781982422,9.372420310974121,-13.899364471435547,-4.870240688323975,0.10118890553712845,2.781001091003418,-8.582596778869629,0.04499952495098114,-5.274919033050537,0.9805018305778503,-1.6074124574661255,0.3010529123664389,0.5348051932944624,0.5762266157667131,0.6067837121142445,0.2614836876230049,0.5847057969961952
cats,-281.31304931640625,104.2353744506836,-3.9194107055664062,-20.479576110839844,2.062221050262451,-2.6123287677764893,-8.76906681060791,-21.52027702331543,-36.47353744506836,-3.6384270191192627,-1.6500306129455566,-0.6209806203842163,16.08997344970703,0.23896019338746968,0.3168587427329356,0.29286822160772585,0.4378625094289875,0.047503951317063454,0.267336603613731
cats,-251.66720581054688,103.59645080566406,-8.047896385192871,4.694554328918457,9.93257999420166,3.1637954711914062,4.120948314666748,9.977572441101074,-0.3739757835865021,4.391612529754639,-3.2988784313201904,0.9257387518882751,-1.2602561712265015,0.15125435694795084,0.267917674614802,0.32527327601890926,0.44586159642125156,0.2220385654506974,0.3857163570081443
cats,-303.3504943847656,115.1947021484375,2.95059871673584,14.28249740600586,15.1300048828125,15.827792167663574,7.225492477416992,7.141378879547119,2.2992122173309326,2.092468738555908,0.5250489711761475,0.9026565551757812,2.389066219329834,0.13462862953597957,0.1626282271553433,0.2722718146349402,0.5226997122593446,0.18621441270646374,0.25656729633994896
cats,-134.616455078125,111.62047576904297,28.0119686126709,21.33759880065918,18.34928321838379,20.652141571044922,7.2408833503723145,4.835363864898682,5.343441963195801,8.312055587768555,4.751890659332275,8.281707763671875,5.066834926605225,0.5650438987820315,0.21361026576753908,0.24876409130594793,0.4462553179159785,0.1964670627688373,0.26091537167975015
cats,-226.0273895263672,69.823974609375,0.830986499786377,6.639248371124268,5.5233941078186035,6.336884498596191,3.2113614082336426,9.232285499572754,4.474716663360596,2.3800861835479736,0.9307754039764404,3.1739747524261475,2.2148284912109375,0.309591289478929,0.3341528146955523,0.4568725638015204,0.522975618480737,0.25845469651620867,0.5878048048947873
cats,-71.6091079711914,25.063812255859375,-2.3876047134399414,8.438665390014648,-2.4855527877807617,5.203269004821777,-0.9811010956764221,2.558523654937744,-3.5162394046783447,2.3733973503112793,2.848876953125,9.609638214111328,-1.6873725652694702,0.11307187266375505,0.12708855433961122,0.18728932271685156,0.23893568691210929,0.032324426598885174,0.20168942805042256
cats,-468.8384704589844,64.13941955566406,-2.100297689437866,7.735954761505127,15.241265296936035,13.85034465789795,12.937692642211914,25.08563232421875,15.723017692565918,6.629901885986328,4.836756706237793,7.0656232833862305,12.928308486938477,0.306539471139298,0.38919785908709104,0.2675306598485472,0.4972233606204834,0.12457401039087528,0.4174976808904585
cats,-155.1658935546875,80.82791900634766,-31.67952537536621,13.54169750213623,-3.0714166164398193,-5.0961103439331055,-5.0898213386535645,-7.3733601570129395,-2.331880569458008,-3.3128867149353027,-2.1881182193756104,-0.9444323182106018,-2.6049458980560303,0.35296619269994867,0.6493358209571944,0.4359888928066797,0.37743859416708514,0.23335031105601067,0.41774571582255976
cats,-189.19094848632812,100.23295593261719,29.352649688720703,23.421405792236328,15.165717124938965,7.946085453033447,1.872283935546875,3.4386322498321533,-1.9278315305709839,5.5145955085754395,6.011447429656982,4.874454021453857,0.019346261397004128,0.24635694121746068,0.418499864564195,0.19124560578567354,0.5896354613234971,0.09936711010105943,0.4729805797916316
cats,-198.19105529785156,92.1905288696289,38.82643508911133,25.428180694580078,19.79112434387207,15.414977073669434,6.934919834136963,6.885748386383057,4.912761688232422,5.32526159286499,3.0888795852661133,3.072124481201172,0.383090615272522,0.24232513960314725,0.3355196968424455,0.36605573562702787,0.7037192112815206,0.10006693355371257,0.544052826237391
cats,-216.50364685058594,86.98523712158203,-7.614341735839844,-14.369129180908203,-9.69797420501709,11.11213207244873,7.825315952301025,5.015213489532471,-4.466800689697266,0.7591918110847473,0.7347937226295471,0.8513970375061035,-5.496731758117676,0.19016543950228768,0.4410010570886767,0.4713752798967975,0.6107299370746684,0.2511474327837659,0.5299365171568561
cats,-353.6800537109375,22.628143310546875,-41.1820182800293,36.64910888671875,15.807477951049805,-2.3053066730499268,16.74448585510254,-0.8806318044662476,-18.375408172607422,-0.009577070362865925,5.169693470001221,13.630918502807617,8.31537914276123,0.22198571433847342,0.471421746438435,0.40028173422604263,0.4008965896652691,0.12204431529414426,0.39669309896143395
cats,-333.8934326171875,51.11962890625,-59.56614685058594,-12.67856502532959,32.088462829589844,1.9429832696914673,6.4023308753967285,19.97230339050293,-1.1693354845046997,-16.500551223754883,-12.002354621887207,-1.666475772857666,6.0658040046691895,0.30922621343002704,0.4742757222002613,0.43408861625464534,0.42700211912727204,0.16474178795395403,0.3647366522365225
cats,-318.8731689453125,89.56700134277344,-62.56045913696289,-48.56117630004883,17.210107803344727,4.8989667892456055,-14.37731647491455,17.696104049682617,26.796024322509766,-3.2816624641418457,-26.861289978027344,-5.806430339813232,-9.055675506591797,0.38513904494679135,0.5153402427096822,0.4579429190597359,0.40239576857023746,0.15247031487788917,0.3524749272078628
cats,-267.0963439941406,57.77724075317383,-4.501391410827637,5.992208003997803,-1.8070359230041504,-0.2923664152622223,0.7949798107147217,-2.4372828006744385,-3.2646937370300293,-2.402707815170288,-1.610706090927124,-2.245957612991333,-0.5236025452613831,0.14552575647218624,0.3734746371258158,0.323717243179365,0.4524497306752506,0.37875966574203396,0.37007845096075026
cats,-312.79974365234375,33.660465240478516,10.37714958190918,27.465150833129883,4.020048141479492,13.420037269592285,1.3767621517181396,20.191593170166016,-0.7685006856918335,12.184362411499023,5.4890456199646,2.4635391235351562,-1.2765899896621704,0.20365733200079195,0.35814516163636273,0.5118213987410773,0.5499599280156333,0.19197134672502816,0.7490891946335909
cats,-63.17010498046875,91.68083190917969,-10.714217185974121,7.517963409423828,-3.4035017490386963,-1.2956501245498657,1.400622844696045,1.1478606462478638,-1.1430463790893555,-2.865586519241333,-3.0391952991485596,-2.6234724521636963,-0.8273050785064697,0.22361157454969727,0.398420752022779,0.24286964596633645,0.44182799583941507,0.19147194736425724,0.3539485649000095
cats,-189.85890197753906,69.04534149169922,-6.6251301765441895,6.611049175262451,-4.988833427429199,2.0534861087799072,0.35273587703704834,1.61941397190094,-2.602804183959961,-1.935530662536621,-0.8630589246749878,-1.7760013341903687,-4.14344596862793,0.4760403422748613,0.5136375891537919,0.552261996882641,0.6091954214879653,0.2257444641086852,0.5390991986735851
cats,-200.25564575195312,41.49021911621094,-41.528926849365234,-0.4127412438392639,0.8605940937995911,-13.837447166442871,-4.6279826164245605,-8.314568519592285,-5.7681474685668945,-5.572266578674316,-9.862385749816895,-2.3850443363189697,0.6868650913238525,0.101994564169331,0.32253124109625364,0.37151555083803667,0.37554668032322325,0.1732815700234121,0.42358186772340933
cats,-50.224693298339844,2.4922757148742676,-15.177851676940918,-2.029353618621826,-8.068265914916992,-4.624762058258057,-4.786282062530518,-6.609066486358643,2.672102451324463,0.6942957043647766,7.237975120544434,0.04033031687140465,2.6131410598754883,0.134591282372726,0.17068219056826694,0.18152994606059655,0.19678583815330566,0.040567885503440995,0.16996182731003537
cats,-19.79244613647461,0.6767346262931824,-18.587162017822266,-4.342680931091309,-9.750676155090332,-3.125654458999634,0.08385398238897324,-0.24620676040649414,4.767356872558594,3.024432897567749,2.2172093391418457,-3.6777122020721436,-1.792853832244873,0.1519993583243452,0.15117618172409017,0.18941292311148686,0.19529962433618456,0.09468414549975743,0.17546328876374448
cats,-302.1802978515625,85.91828918457031,36.97034454345703,35.19168472290039,9.95485782623291,26.81494140625,8.032384872436523,6.820239543914795,-3.5175726413726807,5.621668338775635,9.189180374145508,0.8793550133705139,-5.0064802169799805,0.2413938822710293,0.15332641858797855,0.3231000009601841,0.6007020894315194,0.11093179252629853,0.5230705009275481
cats,-369.8328857421875,111.3223648071289,25.011350631713867,21.17437744140625,20.531644821166992,21.12006950378418,20.964324951171875,19.156776428222656,12.181622505187988,11.633874893188477,5.804742336273193,4.544885635375977,3.0854380130767822,0.2042853102608768,0.16532387261219683,0.15380102060335038,0.3748793339133354,0.01032557900039239,0.19442899669596786
cats,-291.8471984863281,85.05270385742188,-2.2212717533111572,7.014334678649902,-2.700321674346924,7.432374477386475,1.49247145652771,5.083117961883545,-2.1131889820098877,2.7772181034088135,2.0539426803588867,6.605776309967041,-1.4726922512054443,0.1813918612840914,0.3509004794112649,0.41920490185135567,0.636573998989891,0.2348085168938517,0.5660389610388402
cats,-231.97808837890625,97.04257202148438,-11.923016548156738,-3.4872183799743652,-8.221924781799316,8.15226936340332,-2.713528871536255,10.083479881286621,-4.783117294311523,-5.106466770172119,-8.762855529785156,-6.5847883224487305,-5.936746120452881,0.29391632833985804,0.356247199139524,0.42738353139892094,0.49214317611049235,0.22380749653325116,0.4613398184825616
cats,-244.96006774902344,23.55187225341797,-38.98451614379883,-3.318147659301758,-4.914196968078613,-13.170941352844238,5.102901458740234,7.812527179718018,6.13184118270874,-8.27839183807373,-16.225709915161133,-8.688471794128418,-3.1268868446350098,0.28178738055827435,0.5733506470022052,0.5704126563181618,0.538150982053092,0.2717652375337395,0.5674325674324278
cats,-249.7631378173828,35.76490783691406,-11.428018569946289,3.375826835632324,1.6620503664016724,-3.1555445194244385,0.9534294009208679,-0.183892160654068,-1.5697849988937378,-2.7295305728912354,-5.819603443145752,-4.5299787521362305,-2.2046303749084473,0.14982912225441533,0.5355366013366288,0.6428231963541604,0.7172469182608269,0.4481476010033983,0.7548445245604605
cats,-202.98423767089844,7.244080543518066,-23.35741424560547,3.4184272289276123,-2.060269594192505,-7.101402282714844,-5.163825988769531,5.4308671951293945,11.641310691833496,10.048494338989258,10.339855194091797,3.960705280303955,-1.740440845489502,0.09312821386082129,0.1872770080031198,0.1446357821443328,0.09535537307151108,0.20505297954293777,0.10559137831863528
cats,-280.4490051269531,91.50692749023438,11.459324836730957,9.879467964172363,17.42411994934082,19.059803009033203,6.989349842071533,14.124031066894531,11.285177230834961,12.34824275970459,6.125469207763672,6.979337692260742,0.7249143719673157,0.11589878740514566,0.21688807291061804,0.36914335781435753,0.5766479177309871,0.1169402811242338,0.5195409643547056
cats,-217.48057556152344,78.7731704711914,29.6689510345459,31.05360221862793,5.353672504425049,17.190937042236328,2.359174966812134,11.505474090576172,-1.670485496520996,4.65131950378418,8.339046478271484,2.515129566192627,-4.495344638824463,0.17864849654556944,0.1489208741856279,0.23144040784805434,0.47905797801159067,0.08086009499736396,0.43262510483634675
cats,-61.982547760009766,13.249336242675781,1.985129475593567,3.791163444519043,6.549371719360352,6.5496721267700195,9.158501625061035,10.870615005493164,6.783985614776611,0.7673535943031311,-2.6010682582855225,2.90863037109375,5.335271835327148,0.12638960643217825,0.09108718246577664,0.1446207975572507,0.221943115020355,0.05245472708295486,0.14623541015943708
cats,-234.71441650390625,54.23221969604492,2.298491954803467,20.315946578979492,17.558856964111328,23.87232780456543,14.857108116149902,17.798635482788086,-4.709473609924316,4.39936637878418,15.953895568847656,11.749727249145508,-0.6028750538825989,0.189144698451797,0.2748943177110239,0.32565206644560113,0.5406726656048834,0.042545449176456855,0.5047164769385662
cats,-239.17091369628906,70.89788055419922,22.800365447998047,22.316343307495117,5.7358479499816895,14.498842239379883,7.09541130065918,12.211852073669434,11.289962768554688,11.092060089111328,8.687944412231445,2.2503044605255127,0.14761678874492645,0.17412068079983625,0.22648737624571597,0.38797303419148865,0.5518771998162343,0.08361324933716828,0.5698148005838876
cats,-219.7296600341797,80.48246002197266,25.186798095703125,20.887765884399414,6.877337455749512,14.075315475463867,8.039017677307129,14.473033905029297,14.798322677612305,13.87897777557373,9.723978042602539,5.029052257537842,2.0438802242279053,0.13812445641289078,0.23682704889016,0.4247236562760373,0.5815750022089209,0.07547512952463212,0.6204377984742719
cats,-199.58473205566406,56.4467658996582,12.341559410095215,22.179126739501953,2.283215284347534,15.611193656921387,6.8529229164123535,15.71587085723877,12.698929786682129,11.699986457824707,17.79751205444336,8.799724578857422,1.3027170896530151,0.2252190375672035,0.3298680136211585,0.504037863427027,0.6004772595874389,0.10856378586660864,0.6969659456659643
cats,-203.38124084472656,42.731807708740234,9.935093879699707,9.492855072021484,-3.1193645000457764,8.468307495117188,7.989693641662598,21.43749237060547,14.600595474243164,13.602890968322754,-5.249073505401611,-4.6515398025512695,-1.5758440494537354,0.23434306109573674,0.16457901006804856,0.2550693074255062,0.4025456695682122,0.030864505587225297,0.23283467587260862
cats,-196.10426330566406,72.177734375,1.3080848455429077,18.649717330932617,5.926521301269531,-0.30337047576904297,0.9866929650306702,3.081913948059082,-6.8374433517456055,-6.633395195007324,1.3667384386062622,-2.6944496631622314,3.159238338470459,0.4817990673467862,0.3423398615457618,0.45911243992491246,0.44538722933471947,0.1443227676956552,0.493905732603629
cats,-38.8379020690918,12.381885528564453,-4.3449177742004395,-0.7740018963813782,2.8027262687683105,-0.33228662610054016,-1.494417667388916,2.4907729625701904,-1.2219390869140625,2.1591134071350098,0.43587246537208557,-2.321295976638794,-3.4199020862579346,0.11149605750853488,0.22343613758082376,0.264788340234943,0.2659221956552898,0.14782458416203462,0.2646671784186454
cats,-129.81382751464844,88.0452880859375,-64.47139739990234,20.96858787536621,-17.030799865722656,-6.171146392822266,-15.217098236083984,-1.2625728845596313,5.858911991119385,6.63524866104126,14.152262687683105,6.647119045257568,-0.9783815741539001,0.45539136919666606,0.7268745370428447,0.7652089204859456,0.4917013800003353,0.35846085915963977,0.7888379841729668
cats,-76.37205505371094,122.18347930908203,-54.878360748291016,5.654145240783691,-16.823822021484375,-18.150545120239258,-14.303620338439941,-7.391966342926025,-1.9043961763381958,4.78624963760376,-7.449577808380127,-7.004500865936279,-7.080976963043213,0.4567726890432672,0.4815869017408333,0.43374361482626006,0.5909437960303926,0.285104707779333,0.4703733766230345
cats,-97.68647003173828,9.526327133178711,-17.489749908447266,-12.701704978942871,-2.2478678226470947,4.004443645477295,-12.502157211303711,-8.222464561462402,-8.153122901916504,-17.395023345947266,-10.886331558227539,-1.1323726177215576,0.9910702109336853,0.20983514657101457,0.22774375802628172,0.243766263866411,0.2748188937651256,0.029998486377178016,0.23695368558378796
cats,-37.2200927734375,46.49651336669922,-103.25936889648438,9.123555183410645,-28.264034271240234,3.4123284816741943,-15.15864086151123,8.28750991821289,-3.4348561763763428,12.739212036132812,9.997244834899902,10.784292221069336,-5.822113513946533,0.7887113038485322,0.44252282242906593,0.4243365789497629,0.41627843994123015,0.209048987575295,0.4152705300739949
cats,-317.4969177246094,42.175655364990234,-4.670007228851318,1.2450168132781982,-2.947538137435913,-3.8501460552215576,-5.96042537689209,-3.129570245742798,-11.154057502746582,-11.882357597351074,-17.074764251708984,-9.811125755310059,-9.080465316772461,0.163736250448831,0.5090640838617393,0.5397131464360673,0.7919468180117051,0.4397003801221693,0.7666984852669608
cats,-173.22312927246094,58.09651565551758,-0.34668999910354614,4.858141899108887,-2.914104461669922,-1.306870937347412,0.543515682220459,-9.88937759399414,-15.418818473815918,-22.164262771606445,-21.87049674987793,-12.606268882751465,-17.084684371948242,0.2564011677230136,0.39787485102262643,0.3145624720520981,0.4449915226797094,0.22466019187073097,0.517456961642854
cats,-48.06508255004883,5.791991233825684,-10.726860046386719,3.544084072113037,2.4718997478485107,-0.03688259795308113,-0.23079897463321686,-3.1852948665618896,2.0833847522735596,-1.1244051456451416,2.7450051307678223,6.839410305023193,3.0619776248931885,0.0607667956070371,0.12790311830102827,0.17350672921662746,0.1393902713366087,0.024438683005290614,0.14335241030153173
cats,-16.07218360900879,4.52132511138916,-1.6258838176727295,-0.5205774903297424,-3.624101161956787,0.14580704271793365,-1.551079511642456,-3.5757851600646973,-1.7438877820968628,-1.9593167304992676,-0.5015881061553955,1.5886716842651367,0.718145489692688,0.15666630601173862,0.13076063049256492,0.16525917006203014,0.20307030680946064,0.09623678702704899,0.19461655662770197
cats,-24.443889617919922,17.692617416381836,-9.971893310546875,3.2450478076934814,-1.5562244653701782,-2.3814966678619385,-0.9372334480285645,1.1714403629302979,-3.992558479309082,1.414379596710205,-2.3835835456848145,-0.6658332943916321,-0.6371510624885559,0.1319251306497805,0.16749355449163228,0.1581512661915523,0.1770089883967575,0.06416363930804905,0.14871458950403535
cats,-26.319259643554688,19.940343856811523,-2.724879264831543,-1.5532759428024292,-3.280884027481079,-5.19589376449585,0.3621726930141449,-3.5465123653411865,-7.068962574005127,-4.36807918548584,-3.7769339084625244,-1.2912676334381104,-0.25296854972839355,0.13538608654422749,0.23127012197535773,0.2766727275561938,0.30507547827750064,0.21888025764704547,0.29001703919009636
cats,-254.1788787841797,75.25884246826172,6.2670698165893555,14.806262969970703,11.888887405395508,13.612015724182129,2.415665626525879,1.7099112272262573,2.083641529083252,8.721364974975586,2.8287196159362793,1.1270326375961304,-6.097068786621094,0.1515755043705846,0.3333959414893419,0.3778897053174502,0.7470011346995549,0.40656020637261425,0.7079998489879576
cats,-260.43817138671875,81.50569152832031,14.919340133666992,6.970335483551025,8.330000877380371,11.830870628356934,3.0122287273406982,1.0155106782913208,-3.9101507663726807,0.7853001356124878,3.865814685821533,4.198943138122559,0.46742039918899536,0.0852052009942949,0.47166469475574097,0.6527400759330185,0.7421826254498334,0.47087063484062797,0.7561914829355081
cats,-221.83274841308594,80.59369659423828,11.881646156311035,9.795844078063965,9.930052757263184,11.90485954284668,-0.9114223122596741,1.1358091831207275,-3.6547820568084717,4.737095355987549,7.130586624145508,4.515331745147705,-4.259457588195801,0.19386513407600506,0.31766917137590395,0.4682018375246463,0.6581231035676065,0.2875289440180532,0.654202261616551
cats,-70.61975860595703,111.06318664550781,-79.27116394042969,-5.980960845947266,-34.78932189941406,-42.61043930053711,-17.387331008911133,-30.761356353759766,-15.488831520080566,-17.883731842041016,-5.209077835083008,0.572006344795227,-15.314713478088379,0.5549797198610631,0.5769974323964954,0.4016254705242901,0.3624273647571478,0.3476555853549532,0.5007905138334346
cats,-85.37867736816406,116.50346374511719,-77.18293762207031,-2.9261491298675537,-27.511024475097656,-43.264251708984375,-11.441306114196777,-34.9833869934082,-19.850046157836914,-22.36959457397461,-10.903196334838867,-4.254227161407471,-17.896873474121094,0.38984567172018714,0.5456081043330898,0.5201097430734994,0.2711123951704139,0.3590930492189541,0.548814821541603
cats,-153.42552185058594,87.97911071777344,-91.56803131103516,-3.0608136653900146,-30.965978622436523,-35.3961296081543,-16.192180633544922,-26.678266525268555,-1.6539866924285889,-9.84402847290039,0.37885868549346924,6.841030597686768,-12.18095874786377,0.37405452954132606,0.5216796508305872,0.6126624239808847,0.28639984888507275,0.20791497503848166,0.5899329428736257
dogs,-408.0487976074219,130.7211151123047,-12.696453094482422,-34.12187957763672,-4.941631317138672,-4.021454811096191,-17.09781837463379,-11.866663932800293,-6.983636379241943,7.524353981018066,1.8953865766525269,2.969956874847412,5.7387895584106445,0.21193605172874208,0.6053684615324536,0.3957396921863511,0.37782689741155234,0.19294932776778387,0.2546745009746435
dogs,-314.9559326171875,105.3343734741211,-17.41014289855957,-14.785299301147461,-24.275554656982422,-10.334996223449707,-21.610965728759766,-16.06015968322754,-11.777848243713379,-1.2414820194244385,-5.905551433563232,0.22739417850971222,2.5902719497680664,0.22926558657014123,0.21069391500697426,0.29172619967727964,0.47350033434434036,0.19974273001507503,0.41020504625348203
dogs,-124.41297149658203,76.2087173461914,0.35043537616729736,-13.894887924194336,-10.77453899383545,-7.075082778930664,-6.247049808502197,-1.1069303750991821,-7.640354633331299,-4.567972183227539,-3.5796055793762207,0.4883195459842682,-1.4542104005813599,0.16152644761798415,0.3970631594882473,0.2709472268713319,0.26191843418181016,0.06455049705013927,0.14545454545451517
dogs,-134.40480041503906,34.75930404663086,-2.9998221397399902,-6.325591087341309,-9.007061004638672,2.130312919616699,-4.386394500732422,-5.972200393676758,-2.307180643081665,-4.513997554779053,-2.3144783973693848,-0.6616650819778442,-2.30267333984375,0.047184799775645346,0.23403050298604372,0.2155857919846493,0.2685158864868316,0.09670127993507896,0.22716297786716227
dogs,-140.1302947998047,58.79140090942383,0.7371279001235962,1.5685216188430786,5.443212032318115,2.143663167953491,-0.6857885718345642,-0.9855013489723206,-5.7165751457214355,1.021426796913147,1.1629836559295654,0.6901291608810425,1.112264633178711,0.15502768420483407,0.28356425988285844,0.34757589685780904,0.4856132487443305,0.10338256035757173,0.3525927310099322
dogs,-92.3254623413086,59.93640899658203,18.228681564331055,14.75780963897705,-1.8120853900909424,5.336905002593994,-1.2630689144134521,-2.6051723957061768,2.4961419105529785,0.044966500252485275,1.9592368602752686,0.32190683484077454,-2.198961019515991,0.09366651614955109,0.13091052519752938,0.18724071782568058,0.27321106303387305,0.0469094920422731,0.12924435899293923
dogs,-61.426124572753906,25.332475662231445,-14.665168762207031,-10.409470558166504,-6.859365463256836,-0.8971174955368042,-3.217949390411377,5.351349353790283,0.5633995532989502,2.251189708709717,-4.251059055328369,-1.0340955257415771,-1.6583199501037598,0.086221148080525,0.21390016096870135,0.2167678669475532,0.2221147635976965,0.053584690992296576,0.18633881209329128
dogs,-310.7514343261719,90.99432373046875,10.631385803222656,2.136204242706299,-9.890145301818848,18.30753517150879,-3.7266390323638916,11.569278717041016,8.477436065673828,4.946325302124023,3.3747856616973877,14.258077621459961,-0.661773681640625,0.09056100873803723,0.24311623878178826,0.28500798051484516,0.5749535914851143,0.17524687729346683,0.5798546691402571
dogs,-150.98585510253906,35.538143157958984,-46.05415344238281,-18.55255889892578,-13.636972427368164,-12.289596557617188,-1.5447444915771484,-3.0931265354156494,-2.2625327110290527,-3.396418571472168,-5.081753253936768,-1.4022281169891357,-0.8461686968803406,0.13599597696085813,0.4076046546488686,0.3742754535215861,0.289943447613569,0.0663836155662496,0.2663393517051499
dogs,-277.9024963378906,162.5377960205078,6.46464729309082,-8.53325080871582,4.146967887878418,-9.594283103942871,-14.983556747436523,1.0984060764312744,-4.998210906982422,-2.1176095008850098,2.6680080890655518,5.2214202880859375,3.3697149753570557,0.22938088251022817,0.3602582346061645,0.2660279681306343,0.40503861089935067,0.18946005863689908,0.4024700789404147
dogs,-4.614679336547852,75.19766998291016,-13.486743927001953,7.7509026527404785,-4.197660446166992,2.3848013877868652,6.623446464538574,8.12259578704834,-1.4188977479934692,-1.380805253982544,-6.698720932006836,-3.852229595184326,-4.6832451820373535,0.48164195624557143,0.6585588279610783,0.2549690622906425,0.330360484401494,0.23743146439377386,0.29350649350636826
dogs,-191.54324340820312,15.855013847351074,17.220195770263672,7.962353229522705,5.792991638183594,17.698328018188477,8.030682563781738,3.6601903438568115,1.550247311592102,-0.8168715238571167,-0.19884413480758667,0.019139351323246956,-2.6248579025268555,0.2436419949750331,0.5226195072405084,0.652467288214731,0.6225046379015188,0.5951964735460937,0.8224663654700813
dogs,-375.6853332519531,84.74413299560547,58.882381439208984,36.92744827270508,26.237497329711914,22.66209602355957,21.058719635009766,19.815811157226562,18.166677474975586,14.735389709472656,9.057796478271484,2.5204999446868896,-2.7387449741363525,0.31564683745450545,0.09365633627910608,0.22142327784052232,0.4212086776539825,0.030481755801800715,0.06751185322607035
dogs,-399.4522705078125,92.96825408935547,46.124839782714844,15.640218734741211,-11.500077247619629,-10.786886215209961,-3.1603479385375977,0.6797552108764648,3.1601779460906982,0.6004505157470703,-4.0247673988342285,-3.079538583755493,-1.0847629308700562,0.11567954489014139,0.3267496346025333,0.4983781898097915,0.5458426445144494,0.24726321315659255,0.5545648381458683
dogs,-391.973876953125,117.88253021240234,14.149596214294434,10.718428611755371,10.918914794921875,11.450983047485352,8.945575714111328,2.6331944465637207,1.5329359769821167,3.3885958194732666,4.420592308044434,2.73688006401062,6.752691268920898,0.13453789755230117,0.34376623024606756,0.17390327480640566,0.3769338965830407,0.12649144953114846,0.2111390010549296
dogs,-164.95849609375,20.47967529296875,-10.92652702331543,-2.3507235050201416,6.609062194824219,5.4304728507995605,6.303915500640869,5.229667663574219,2.0733559131622314,1.8986774682998657,3.6874263286590576,1.6256412267684937,2.1990439891815186,0.06524574719382971,0.17691412956392127,0.2547855816182191,0.2819880475249049,0.07308060100631668,0.22530170016198164
dogs,-150.90911865234375,151.20033264160156,-34.77467727661133,-49.75145721435547,-0.7711341977119446,-39.191246032714844,-18.484867095947266,-21.632728576660156,-22.303598403930664,1.711949110031128,-19.770828247070312,-3.614748954772949,-17.972652435302734,0.5880133385320564,0.5754132142128727,0.29278017164511894,0.1848778683265704,0.0861938636357427,0.08966103534345463
dogs,-265.2607727050781,102.54747009277344,-74.18983459472656,-22.85653305053711,-38.37994384765625,-25.450984954833984,-27.09596061706543,-9.794573783874512,-11.36154556274414,-3.6003849506378174,8.439838409423828,0.5160328149795532,4.96818733215332,0.29631651649092194,0.6969090055467994,0.6274132758377694,0.5729688356238481,0.04511260272328023,0.5340192895338698
dogs,-306.382568359375,94.95723724365234,17.951587677001953,-0.8734404444694519,3.969277858734131,4.106057643890381,3.812852621078491,-0.6763376593589783,-10.206422805786133,-11.92345142364502,-10.211145401000977,-2.9042365550994873,2.528000593185425,0.1230413527328759,0.38213770046064793,0.4270785568575253,0.4364284492450844,0.09422468679974243,0.26047107873669983
dogs,-140.2047119140625,79.87186431884766,-53.31190872192383,-28.874591827392578,-32.41169738769531,-22.028928756713867,-13.278480529785156,-7.422103404998779,-9.952926635742188,2.800605297088623,0.650886058807373,-5.633193016052246,12.576275825500488,0.24948423969828787,0.4676783854394177,0.35510418443938224,0.28755454015145504,0.015155188617825693,0.2671595207236059
dogs,-192.28680419921875,47.50731658935547,-80.42982482910156,-18.7003231048584,-10.724020957946777,-38.826053619384766,-9.234773635864258,-4.277882099151611,5.065629482269287,4.0497941970825195,-6.328579902648926,-15.452117919921875,-24.68719482421875,0.24587839966647784,0.4093797646494996,0.20951415727739114,0.3187516535746129,0.10030312503553764,0.2290917551503393
dogs,-317.3485107421875,114.78168487548828,-8.43543529510498,-24.989646911621094,-27.243518829345703,-12.05888843536377,-30.865089416503906,-21.018285751342773,-11.23056411743164,-1.9617384672164917,-9.161985397338867,-3.4341585636138916,0.554043173789978,0.2363731168281369,0.23230318990233112,0.2947989616439298,0.4524787149276315,0.17186940311593923,0.3770228014515391
dogs,-267.1220703125,93.07518005371094,-53.66613006591797,-35.82940673828125,-42.28044128417969,-30.96788215637207,-22.243167877197266,-11.119416236877441,-6.604435920715332,7.495635032653809,-0.19858422875404358,-8.408042907714844,10.61198902130127,0.41644015100335735,0.3363680968874056,0.29074962203474325,0.26612247138264433,0.05006337090204509,0.3225649350648412
dogs,-407.75872802734375,48.22841262817383,-3.9986391067504883,-6.615536212921143,-18.366273880004883,-22.656604766845703,-15.781733512878418,-2.5658915042877197,1.745788335800171,-5.208195686340332,-6.279415607452393,-8.293511390686035,-7.355967998504639,0.06648692436254011,0.35754010522894897,0.4224902581857377,0.5666940707511022,0.24316248122028644,0.558500724787578
dogs,-207.2310791015625,-3.3893821239471436,-23.137332916259766,11.283599853515625,3.304351329803467,20.605905532836914,2.6862335205078125,3.5640463829040527,2.2474255561828613,7.371733665466309,2.839181423187256,1.3741505146026611,1.3048168420791626,0.18174245345519222,0.10353664155085077,0.2146884603242025,0.3881995880082255,0.08053194574055088,0.2292886218258914
dogs,-359.8138732910156,83.37693786621094,-18.838579177856445,-26.188732147216797,-20.862789154052734,-16.660579681396484,-18.47612762451172,-9.32137680053711,-1.379210114479065,7.998231410980225,6.523107528686523,1.8905932903289795,-5.423950672149658,0.1906625973262934,0.46244629534709725,0.3773095806507591,0.3312333443933917,0.21052958606669486,0.28960132363267255
dogs,-76.17855834960938,51.993988037109375,-8.41872501373291,6.9243388175964355,8.233901023864746,6.888210773468018,-12.060441017150879,-3.8339154720306396,0.17974446713924408,10.946319580078125,6.1005425453186035,12.093439102172852,6.1474385261535645,0.32510232424466085,0.5871787754698901,0.6265328179842082,0.718556918414432,0.3185217311987783,0.7055818960579272
dogs,-247.7461395263672,122.68907165527344,-26.55978775024414,-12.536385536193848,6.66319465637207,2.201782703399658,-19.276432037353516,-6.80461311340332,-18.649620056152344,-1.8902183771133423,21.880672454833984,23.734642028808594,21.849044799804688,0.33535738686196087,0.5344155792037599,0.4161221356284302,0.3758359776565003,0.13969581037738957,0.26152484928458725
dogs,-106.77328491210938,35.415950775146484,-10.554149627685547,-5.663259983062744,3.9113516807556152,2.621450424194336,-3.541408061981201,-0.5805939435958862,-0.6597284078598022,2.9719491004943848,6.953427791595459,6.566789150238037,2.1904773712158203,0.09896310754175149,0.15484671968331604,0.2286246743552,0.24196192378180806,0.06544765843569336,0.20788403515670867
dogs,-379.27606201171875,110.42991638183594,24.286334991455078,3.5011637210845947,0.25837787985801697,-4.035808563232422,2.5439679622650146,1.0403903722763062,-2.6502418518066406,-8.76049518585205,-6.706609725952148,0.06600506603717804,6.8751935958862305,0.16706163740797322,0.33288409381925443,0.2884859078849431,0.29645045352445176,0.1588407248263423,0.20062272112737203
dogs,-312.8939208984375,132.48487854003906,-19.060678482055664,-32.69645309448242,-10.28917121887207,1.0310581922531128,5.190094470977783,-9.93069076538086,-2.194232702255249,12.484760284423828,7.610042572021484,-27.123151779174805,4.293036937713623,0.24394249858525352,0.5955816605565281,0.45588001067901496,0.369985681865418,0.07384693530597088,0.5516017316007902
dogs,-185.4168243408203,105.77582550048828,-28.790727615356445,-27.211851119995117,-8.881831169128418,-13.077620506286621,-3.280979871749878,-11.070199966430664,0.18235453963279724,6.513592720031738,-4.6370062828063965,-9.49428653717041,8.957329750061035,0.17506478384627483,0.5654858482621257,0.5462263140372856,0.5210709111541171,0.14241395005086568,0.5402979373564702
dogs,-169.83807373046875,94.51229858398438,-24.083568572998047,-19.020633697509766,-4.5303473472595215,-10.486703872680664,2.5564205646514893,-8.968555450439453,3.556215286254883,2.5877649784088135,-0.9585109353065491,-9.589415550231934,9.638174057006836,0.17455912857663208,0.40947857799122245,0.42608872685479215,0.4678044417517089,0.10179825214091452,0.46659740259716376
dogs,-157.97947692871094,86.33671569824219,-21.476436614990234,-18.41307258605957,-4.439491271972656,-8.678532600402832,-0.10439635068178177,-5.009260654449463,4.723651885986328,3.442455768585205,-5.898090839385986,-7.964815139770508,9.722648620605469,0.15966795469830503,0.40557802512465235,0.4097926049149982,0.34586217040900513,0.0950065201531243,0.4163961038958819
dogs,-244.91238403320312,108.11901092529297,-26.790435791015625,-22.8052978515625,-6.326549530029297,-9.203925132751465,-0.08891276270151138,-9.945956230163574,-0.8855679035186768,8.530477523803711,3.525841236114502,-12.99675464630127,6.320959091186523,0.20863236583646455,0.5232563692873768,0.5025624892918519,0.5231588218139439,0.06910029771169343,0.3641592174058496
dogs,-159.97509765625,71.33124542236328,-28.39021873474121,-11.100423812866211,-0.9546245336532593,-9.92665958404541,-2.4557759761810303,-12.546706199645996,3.235149383544922,7.644004821777344,-0.6223335266113281,-4.286499977111816,6.245052337646484,0.14386947555354757,0.3541353358010606,0.3729398055674179,0.4400989320142393,0.0643919736191562,0.3968990193478261
dogs,-310.2282409667969,136.2159881591797,-33.72157669067383,-18.89806365966797,-9.463176727294922,-12.685888290405273,-9.537628173828125,-11.3389892578125,2.8425309658050537,9.370079040527344,17.909456253051758,-26.861360549926758,7.854554176330566,0.36789131337606407,0.3033701784007445,0.34167734817042483,0.40361459208690253,0.039129789108545074,0.4451364961563229
dogs,-306.9594421386719,147.45799255371094,-43.66506576538086,-34.87526321411133,-7.834680557250977,-4.3317108154296875,0.4211066961288452,-19.095035552978516,-2.339029312133789,13.673894882202148,15.552610397338867,-26.4289608001709,11.335664749145508,0.1460505792226879,0.34075857454749603,0.35539098050164275,0.4437415181795192,0.09507357527470447,0.4906272972304783
dogs,-183.4782257080078,120.03272247314453,-35.84780502319336,-22.04208755493164,-8.150823593139648,-14.148064613342285,-1.5101680755615234,-15.379592895507812,-2.1305439472198486,3.1833198070526123,3.763869285583496,-15.32426643371582,12.492481231689453,0.2523496970285714,0.5298062548675576,0.5618470237230341,0.49279963403222393,0.05134278319132485,0.5760029444236986
dogs,-100.72537994384766,75.6224594116211,-21.09637451171875,-27.563678741455078,-1.2483651638031006,-11.61440372467041,1.0610935688018799,-12.4171142578125,-4.0991435050964355,3.5530014038085938,-4.895541667938232,-6.814486503601074,7.584095478057861,0.15794367867536155,0.3098683301637984,0.26598656563515555,0.2971124871802689,0.15043626847981367,0.3433744678556133
dogs,-274.8476257324219,108.70429229736328,-31.373756408691406,-37.604190826416016,-14.920305252075195,-20.85214614868164,-20.7993106842041,-4.843980312347412,-15.152810096740723,-7.866196632385254,-4.589791774749756,10.772185325622559,6.721772193908691,0.25100533222329197,0.22169839189465249,0.2683982436285835,0.33924896442487107,0.05947013228994927,0.29275254946389595
dogs,-110.28569793701172,59.7398681640625,-18.11009407043457,-17.700456619262695,-2.415086269378662,-6.230151176452637,1.1921172142028809,-7.402010917663574,-1.6418168544769287,4.501132488250732,1.114882230758667,-10.077065467834473,8.479901313781738,0.13523937512036646,0.27172261490568145,0.3032297623058041,0.26985638014642066,0.062311943565821766,0.3014226437461351
dogs,-151.32794189453125,78.32805633544922,-16.10332489013672,-10.103765487670898,1.1936392784118652,-5.648612022399902,-1.4546455144882202,-10.586767196655273,4.871309280395508,1.5051524639129639,6.913162708282471,-13.1055908203125,6.983027458190918,0.2678001167243156,0.30752954674370453,0.3359869368526808,0.38571386137760055,0.04432455424728155,0.31466533466521074
dogs,-156.1508026123047,81.660400390625,-15.093583106994629,-14.917468070983887,-1.5151923894882202,-11.342511177062988,1.5579396486282349,-11.983145713806152,-0.5079289078712463,4.888031959533691,1.9568374156951904,-11.832390785217285,10.169836044311523,0.2818269517022734,0.33419751634514383,0.4106964259831924,0.46401841893271345,0.07726582279139106,0.4209462736431455
dogs,-226.68775939941406,156.39268493652344,-28.08266258239746,-35.22467803955078,-8.904491424560547,-2.3306117057800293,0.8824785947799683,-26.843753814697266,-19.837278366088867,-1.1490379571914673,19.618019104003906,-35.97490692138672,1.1151154041290283,0.6205960046769928,0.6217613169187005,0.7777165564583166,0.6259505381671022,0.02155384461142131,0.8010023956620922
dogs,-229.70018005371094,91.82861328125,-76.18368530273438,-21.725444793701172,2.334831714630127,3.6374337673187256,12.927562713623047,12.197751998901367,1.9307152032852173,-2.7299106121063232,-8.958563804626465,0.7440217137336731,0.9710687398910522,0.3079114597476216,0.5793949923545052,0.5039720653313283,0.4379128169533984,0.15856253530259679,0.3336956521738202
dogs,-151.43157958984375,69.18342590332031,-24.21041488647461,-22.989547729492188,-8.071688652038574,-8.650299072265625,2.502291679382324,-8.670414924621582,-3.7410833835601807,2.5315282344818115,7.2214226722717285,-16.79262351989746,5.150398254394531,0.17055894372168443,0.3655207508204146,0.39487981821720686,0.39483643370652444,0.05192617690530777,0.39108858621033393
dogs,-184.3063507080078,123.81196594238281,-21.81988525390625,-29.14754295349121,-13.929227828979492,-4.199324131011963,4.666565895080566,-21.516313552856445,-1.9610215425491333,0.059932757169008255,17.536184310913086,-37.05643081665039,-1.6971189975738525,0.5390861408163816,0.5182866413294664,0.6457998899838284,0.4605721445040729,0.03306585293057283,0.5671645950612793
dogs,-126.47738647460938,64.86207580566406,-16.375560760498047,-7.561670780181885,-3.054685115814209,-1.0474390983581543,2.4561586380004883,-5.707884311676025,-3.353074550628662,1.999105453491211,2.2341268062591553,-14.515087127685547,5.707982540130615,0.18317466755447345,0.2739664893822039,0.2933676321343609,0.3322375141675594,0.045129871162300085,0.2941653934299609
dogs,-284.1750793457031,154.44384765625,-28.052701950073242,-35.000362396240234,-13.395594596862793,-10.404934883117676,-9.23200798034668,-18.783987045288086,-11.482490539550781,4.424383640289307,22.443607330322266,-30.09842300415039,-0.49418193101882935,0.33683952135757483,0.48560134435666447,0.42763669425460454,0.5121022736594246,0.11086452762030313,0.5055536568685949
dogs,-261.7918395996094,141.4476318359375,-43.76511764526367,-40.683406829833984,-18.207420349121094,-15.133855819702148,-7.707085132598877,-18.605712890625,-4.372781276702881,8.862996101379395,7.966329097747803,-23.40519142150879,9.69929027557373,0.28337497400341727,0.6541954087274757,0.6583869143540647,0.6171581731640593,0.09732561773577857,0.7533325705127625
dogs,-152.69619750976562,87.69972229003906,-33.484458923339844,-24.584768295288086,-10.583383560180664,-16.95850944519043,-4.971346855163574,-10.224635124206543,2.113903045654297,8.441512107849121,1.4143074750900269,-5.739350318908691,7.023614883422852,0.2403169989512994,0.42101257780073054,0.45115554983732314,0.4858400956131253,0.10971148502148348,0.45132275132253735
dogs,-150.46946716308594,88.95834350585938,-29.541723251342773,-21.200654983520508,-6.538097858428955,-13.807880401611328,-4.896873474121094,-10.337120056152344,-3.4955601692199707,3.1094772815704346,-0.32097098231315613,-9.889277458190918,8.964061737060547,0.17243588193522782,0.36053077065580513,0.39741146072871925,0.3894143116467623,0.06958060075245567,0.43675156012794153
dogs,-230.91160583496094,113.734619140625,-29.495878219604492,-25.932958602905273,-16.27785873413086,-15.665771484375,-7.112608909606934,-20.81096839904785,-8.149435043334961,10.291656494140625,16.922527313232422,-23.304576873779297,9.255208969116211,0.41479349879137,0.4318617594307124,0.48477882233534764,0.5640737777935217,0.04688228743443252,0.4345373376621639
dogs,-429.9248046875,85.5859146118164,13.507317543029785,-7.199188709259033,-0.5790840983390808,5.225656509399414,-6.628427505493164,-4.5646257400512695,-1.9585927724838257,-2.995988607406616,-4.393706321716309,-0.35906982421875,1.6093976497650146,0.10195416537643873,0.23652344105654413,0.2765651940875898,0.38057081717756236,0.06398008750731872,0.36471861471855793
dogs,-130.81350708007812,63.435672760009766,-28.753297805786133,-14.824967384338379,-4.53359842300415,-14.247551918029785,-5.49027156829834,-8.887903213500977,0.3864009380340576,5.710068225860596,-3.65809965133667,-2.6782705783843994,5.873439311981201,0.1100775878222657,0.33260121980281315,0.33951355530219335,0.40636172397420667,0.08212130961984336,0.36320193890600055
dogs,-201.6339569091797,83.01995086669922,-24.042070388793945,-18.860883712768555,-6.416557312011719,-9.120584487915039,-4.595019817352295,-8.29240894317627,0.2037801444530487,6.068763256072998,11.275016784667969,-7.4615478515625,7.0423583984375,0.20939432216944154,0.472738464254984,0.5261028620085347,0.5410027364805479,0.08485123438235949,0.5344877344874304
dogs,-273.6369323730469,67.66307067871094,-29.738832473754883,-19.050392150878906,-13.791135787963867,-19.212434768676758,-2.278209924697876,-6.676660537719727,9.545052528381348,4.899870872497559,8.87913703918457,-6.767461776733398,16.88521385192871,0.20447754127527704,0.3796341483622437,0.6282580623531887,0.620622768119318,0.07693151292416932,0.535488245931067
dogs,-240.97802734375,91.30569458007812,-31.506961822509766,-20.130470275878906,-14.329230308532715,-20.679176330566406,-8.585794448852539,-7.792173862457275,2.3735125064849854,3.5870940685272217,4.577025890350342,-9.993104934692383,14.462909698486328,0.2787013570994864,0.6128547320439671,0.6508162981496259,0.6506683350671618,0.09602618673329998,0.6123483954059228
dogs,-185.77359008789062,57.09638214111328,-16.37887191772461,-12.807206153869629,-6.788084983825684,-13.096440315246582,-3.834669589996338,-6.581499099731445,0.1355801373720169,5.761284351348877,4.461070537567139,-1.7713373899459839,10.743491172790527,0.211286977590751,0.3119774936012617,0.3478543581417655,0.3958571792438701,0.038873179035492283,0.3478585244540796
dogs,-227.4764862060547,156.6925506591797,-36.488746643066406,-30.77210235595703,-20.316694259643555,-9.891599655151367,-3.0708529949188232,-19.43090057373047,-1.2655932903289795,-1.682586431503296,13.965439796447754,-40.91636657714844,7.0092291831970215,0.45920384874079956,0.5538139955714099,0.4763706020051659,0.529774929766924,0.12371150367667244,0.5854408749135731
dogs,-234.3182830810547,128.7374725341797,-31.40545654296875,-33.44619369506836,-8.82015609741211,-10.843836784362793,-8.613685607910156,-19.60161781311035,-13.00506591796875,4.0192694664001465,1.2035611867904663,-19.340312957763672,5.9871602058410645,0.22719092711029637,0.6209156082597458,0.6067424278363142,0.5729805448280831,0.03282324017027978,0.693669559140013
dogs,-232.36135864257812,115.42340850830078,-43.114227294921875,-30.053539276123047,-11.52922248840332,-11.241762161254883,-1.782606601715088,-19.139572143554688,0.3966260552406311,2.9406545162200928,8.172863960266113,-25.77587127685547,11.397290229797363,0.22154064811449786,0.43338683538802814,0.6386407099095065,0.587183621789399,0.16997376148941082,0.678226640615637
dogs,-260.5492858886719,144.55752563476562,-47.917877197265625,-35.6917724609375,-15.962658882141113,-10.989335060119629,-7.887700080871582,-18.800071716308594,-7.10073184967041,2.0642030239105225,9.139103889465332,-33.634422302246094,4.00099515914917,0.3452563241825803,0.561667083560593,0.3266613667584161,0.4285234533115273,0.10050917540604798,0.5033314511569779
dogs,-203.1348114013672,71.70423889160156,-46.96975326538086,-17.184951782226562,-7.08840274810791,-17.22572898864746,-0.9554226398468018,-10.072279930114746,5.492700576782227,11.604680061340332,8.4130859375,-3.920233726501465,8.160655975341797,0.19159659357304124,0.4183822580708561,0.4724192286431969,0.5111130071037984,0.10465245300479846,0.48047745135103875
dogs,-120.71739196777344,38.79592514038086,-26.992359161376953,-9.212810516357422,-0.7105926275253296,-13.88476276397705,-0.9169921875,-3.906705856323242,5.843779563903809,6.238371849060059,3.5389246940612793,1.532832384109497,4.500217914581299,0.12708908382201434,0.2281292312973043,0.2848242737570269,0.3072150349509424,0.0682343203957765,0.303896103895972
dogs,-141.16659545898438,59.58683776855469,-35.32223892211914,-9.656270980834961,-1.8047550916671753,-19.741647720336914,-3.616097927093506,-8.52985954284668,5.623569011688232,2.9422383308410645,3.893327236175537,3.1562588214874268,4.529719829559326,0.20686595438381933,0.3110489490888641,0.3871736562314403,0.44501297433720993,0.08581420363685448,0.41803314530569236
dogs,-108.8994369506836,44.189937591552734,-29.332056045532227,-7.081070423126221,-2.361435890197754,-18.34558868408203,-0.8660200834274292,-1.4874628782272339,5.821714878082275,3.3918731212615967,1.31892991065979,-1.2890914678573608,-4.061064720153809,0.1455734706447672,0.25913669493569674,0.30859632879867466,0.31524859529911475,0.08385983052170554,0.32586163836150467
dogs,-135.33204650878906,62.16465377807617,-21.81441307067871,-17.0508975982666,-6.030245304107666,-11.200336456298828,-3.9016201496124268,-8.322015762329102,0.49781888723373413,3.972644329071045,-1.1014920473098755,-8.218328475952148,2.0288541316986084,0.13116890943209558,0.30680796992639103,0.3438842359955535,0.4040714279187436,0.07347065324496724,0.33138268916699326
dogs,-188.4731903076172,123.02638244628906,-49.51131820678711,-20.528409957885742,-14.555835723876953,-13.069784164428711,-8.084701538085938,-17.86664581298828,7.500818252563477,1.2317655086517334,15.362865447998047,-22.911109924316406,8.640157699584961,0.657838819030996,0.5530927369621831,0.7037280575328902,0.6486233678461916,0.0777017394973214,0.654916512059054
dogs,-195.7310028076172,77.48883056640625,-22.13255500793457,-22.277061462402344,-9.418352127075195,-11.930868148803711,-7.299980640411377,-10.788444519042969,-5.185988426208496,9.080342292785645,3.58274507522583,-13.983817100524902,8.711416244506836,0.20078012803109824,0.5210414534112042,0.5203684801204244,0.44304984092609906,0.020478755816706405,0.5218520609822053
dogs,-210.58924865722656,66.85890197753906,-31.308908462524414,-16.467023849487305,-4.817699432373047,-12.98470401763916,-6.064035892486572,-11.118035316467285,2.169619560241699,9.080921173095703,4.346472263336182,-7.2265706062316895,8.280792236328125,0.1798827593289119,0.39810004508038555,0.4091954370943696,0.4448137542484404,0.05335165176874521,0.4322588126157579
dogs,-210.18345642089844,56.57796096801758,-28.867504119873047,-13.0567626953125,-4.075251579284668,-7.065025329589844,-3.4972081184387207,-10.548077583312988,0.02727954462170601,5.502303600311279,9.000221252441406,-1.6798672676086426,9.975658416748047,0.1428829873614586,0.29760551757584414,0.3692883206565513,0.41962273412819073,0.04383814354161413,0.3821581103458656
dogs,-150.34226989746094,47.6748046875,-30.453943252563477,-12.393949508666992,-1.555483341217041,-12.445734977722168,-2.0426278114318848,-7.309192180633545,4.588235855102539,6.650819301605225,3.036301374435425,0.9794350266456604,5.419426918029785,0.1331946649240935,0.31097402385110995,0.3731704099979154,0.3902170724477257,0.0916964707337245,0.3716420565734005
dogs,-210.92054748535156,150.27430725097656,-24.702224731445312,-20.236328125,-17.964792251586914,-11.842626571655273,-11.964437484741211,-24.76253318786621,-9.825826644897461,4.550595760345459,22.234060287475586,-30.65101432800293,-1.356973648071289,0.5353660215304328,0.724240037518927,0.791453379511572,0.5225460791395395,0.07619402430868612,0.8114205382241266
dogs,-77.31839752197266,66.73090362548828,-21.724857330322266,-24.788511276245117,-3.7566323280334473,-11.154168128967285,3.59140682220459,-8.815596580505371,-6.961776256561279,3.5336661338806152,-0.6276169419288635,-5.895715236663818,6.394708156585693,0.1639338710259708,0.32385369461593255,0.30674804634531927,0.27802724738795337,0.09044529134291181,0.2996289424859242
dogs,-82.25591278076172,61.65156936645508,-24.176218032836914,-7.5749688148498535,-0.3269372284412384,-11.19775104522705,0.5575692653656006,-9.865687370300293,3.3267781734466553,3.429065227508545,-0.9639373421669006,2.2388925552368164,1.7988225221633911,0.15133900708130654,0.26249777435532606,0.28746866212044975,0.29243743236281844,0.10752171316665879,0.29910573855197287
dogs,-68.57743072509766,51.5134162902832,-24.893856048583984,-9.331716537475586,-0.17695771157741547,-13.581303596496582,0.1224139854311943,-12.317791938781738,0.5557350516319275,2.5612471103668213,-2.354114532470703,0.6952961683273315,1.232455849647522,0.15157623449331958,0.20900747177829057,0.2466425962115189,0.24988948676104164,0.07868581622194801,0.2466604823746779
dogs,-376.8128967285156,57.18668746948242,-41.887123107910156,-13.515501022338867,-13.915299415588379,-19.436006546020508,-21.953493118286133,-12.762155532836914,-0.43412482738494873,0.96380615234375,-1.159442663192749,-5.7797980308532715,-13.510215759277344,0.18184318242103512,0.4947686558599981,0.2976612158508467,0.4142574740166943,0.1381850317390879,0.32729609721886865
dogs,-420.8712158203125,57.62385177612305,-31.167173385620117,-19.78396987915039,-14.133245468139648,-11.513803482055664,-13.850887298583984,-12.168170928955078,-9.602347373962402,-5.6967315673828125,-5.745216369628906,-0.32611772418022156,-3.171790838241577,0.1611632080543245,0.35659809743597604,0.37280460428796797,0.5338347456266777,0.12771748821707485,0.36696116383605093
dogs,-172.02627563476562,67.70767211914062,-73.19170379638672,16.498897552490234,20.42238426208496,-12.320385932922363,-40.63311767578125,17.161954879760742,22.576509475708008,3.3033499717712402,-1.710026741027832,-9.62412166595459,-12.813944816589355,0.4292512232657611,0.7499622425903788,0.6110349885398172,0.4134770956988662,0.265121515626183,0.4205105239585936
dogs,-147.28286743164062,38.83315658569336,-9.226940155029297,-12.46888256072998,-4.403585910797119,-1.7452359199523926,-1.4881534576416016,-0.6594604253768921,-6.430729389190674,-0.374192476272583,2.6698153018951416,1.1397079229354858,2.0610365867614746,0.0974385065615623,0.20196432175105863,0.20503470060747295,0.27623159823914933,0.03959896486554471,0.20236664950317534
dogs,-373.1388854980469,95.55188751220703,1.9793709516525269,-19.589984893798828,5.486591339111328,8.93294620513916,-0.2808873653411865,1.9373105764389038,8.470090866088867,9.267769813537598,7.427328586578369,13.377620697021484,12.702869415283203,0.11074508242205516,0.2984905931475013,0.406355672571586,0.5501637753345638,0.24422147168386774,0.5418794688453713
dogs,-265.7667541503906,147.504638671875,-39.72831726074219,-54.35292053222656,-36.11882019042969,-33.27909851074219,-42.618961334228516,-8.528046607971191,-8.810100555419922,0.7268298268318176,0.39889803528785706,-17.28841209411621,-10.792877197265625,0.41990385150675696,0.7299182188451001,0.23917846433178366,0.21288310001346758,0.07547283846986991,0.19329327389021494
dogs,-157.40234375,115.55223083496094,-7.682388782501221,17.626399993896484,2.7057392597198486,-3.046525716781616,2.990025043487549,-2.3696467876434326,5.842485427856445,16.25672149658203,-3.2439932823181152,13.17038631439209,3.0634195804595947,0.2600885370354925,0.2088400793258429,0.4655790343018162,0.5666145053685676,0.1329739499221038,0.4778709662429498
